term,count
psoriasis,685
patients,422
skin,270
disease,246
inflammatory,238
treatment,205
arthritis,173
clinical,164
between,157
psa,151
psoriatic,144
il,141
analysis,133
sup,130
risk,120
associated,119
immune,115
diseases,114
therapeutic,113
cell,104
inflammation,95
potential,94
studies,92
data,91
including,90
chronic,89
ci,83
severe,83
significant,81
patient,81
higher,80
conditions,80
effects,79
included,75
review,74
case,74
pasi,72
years,70
among,70
cells,69
compared,69
systemic,68
safety,68
life,67
anti,66
across,66
mechanisms,65
specific,65
age,63
therapy,63
significantly,63
based,63
quality,62
findings,62
not,61
increased,60
group,59
efficacy,59
autoimmune,59
response,59
related,57
vs,57
severity,57
index,56
high,56
use,56
moderate,56
lower,54
model,54
no,54
identified,54
outcomes,54
showed,53
disorders,52
analyses,52
management,52
adverse,52
health,50
cohort,50
drug,50
role,49
reported,49
association,48
after,48
induced,48
activity,47
genetic,47
evidence,47
pathways,46
treated,46
lesions,45
research,45
inhibitors,44
cases,44
diagnosis,44
dermatology,44
pain,43
controls,43
score,42
factors,42
well,42
participants,42
due,41
cross,41
dermatitis,41
scores,41
factor,41
care,40
therapies,40
levels,40
metabolic,40
observed,40
expression,39
demonstrated,39
impact,39
inhibitor,39
mediated,38
report,38
reduced,38
present,38
mean,38
signaling,38
biologic,37
effective,37
symptoms,37
atopic,37
mri,36
key,36
nail,36
real,36
year,36
gpp,36
assessed,36
healthy,36
tnf,36
hla,36
exposure,36
events,36
common,36
pso,36
conducted,36
receptor,35
world,35
multiple,35
activation,35
week,35
dlqi,35
two,35
early,35
identify,35
rheumatoid,34
remains,34
plaque,34
assessment,34
groups,34
evaluated,34
without,34
burden,34
non,33
revealed,33
over,33
trials,33
new,33
global,33
models,33
barrier,33
current,33
control,32
sectional,32
differences,32
relationship,32
keratinocytes,31
baseline,31
low,31
development,31
found,30
topical,30
stress,30
support,30
status,30
weight,30
biologics,30
interventions,30
involvement,30
follow,29
first,29
total,29
long,29
greater,29
gut,29
incidence,29
individuals,29
obesity,29
limited,29
performed,29
respectively,29
remain,28
various,28
particularly,28
body,28
comorbidities,28
pathogenesis,28
like,28
emerging,28
area,28
smoking,28
axspa,28
one,28
epidermal,27
sub,27
time,27
aimed,27
single,27
strategies,27
history,27
syndrome,27
features,27
type,27
adult,27
via,27
changes,27
causal,27
responses,27
retrospective,27
rare,27
overall,27
progression,27
effect,26
function,26
onset,26
measures,26
loss,26
population,26
regression,26
bmi,26
joint,25
keratinocyte,25
psychological,25
treatments,25
comprehensive,25
underlying,25
adherence,25
diagnostic,25
term,25
characteristics,25
interleukin,25
although,25
adults,24
prevalence,24
recent,24
cancer,24
molecular,24
assess,24
despite,24
mtx,24
microbiota,24
mental,24
17a,24
elevated,24
driven,24
evaluate,24
established,24
gene,24
physical,23
following,23
genes,23
targeting,23
enthesitis,23
axial,23
investigate,23
need,23
vunakizumab,23
oxide,23
condition,23
within,23
ratio,23
release,23
ra,23
protein,23
often,23
nitric,23
shared,23
cytokine,23
criteria,23
presented,22
positive,22
confirmed,22
oral,22
systematic,22
future,22
four,22
rheumatology,22
sleep,22
cutaneous,22
methotrexate,22
associations,22
targeted,22
target,22
anxiety,22
improvement,22
rheumatic,21
patterns,21
exhibited,21
novel,21
disorder,21
markers,21
lipid,21
spondyloarthritis,21
human,21
improved,21
dysregulation,21
three,21
tumor,20
targets,20
cheilitis,20
characterized,20
improve,20
sensitivity,20
biological,20
dose,20
highlights,20
months,20
old,20
mr,20
major,20
mice,20
mortality,20
primary,20
confidence,20
pediatric,20
class,20
co,20
promising,20
pustular,20
properties,20
controlled,20
distinct,19
imiquimod,19
female,19
complex,19
rates,19
randomized,19
developed,19
vitro,19
depression,19
ad,19
weeks,19
observational,19
dermatological,19
insights,19
necrosis,19
tissue,19
system,19
cause,19
cardiovascular,19
blood,19
registry,19
pathway,18
pro,18
change,18
vivo,18
axis,18
similar,18
followed,18
approaches,18
examination,18
form,18
involved,18
outcome,18
national,18
sex,17
guidelines,17
us,17
agents,17
guselkumab,17
whereas,17
relapse,17
scale,17
immunomodulatory,17
screening,17
self,17
examined,17
stem,17
meta,17
network,17
cytokines,17
neutrophil,17
dapsa,17
adalimumab,17
medical,17
derived,17
literature,17
cost,17
negative,17
mechanism,17
populations,17
diabetes,17
presence,17
linked,16
local,16
lupus,16
diagnosed,16
provide,16
different,16
rate,16
jia,16
diet,16
practice,16
post,16
profile,16
critical,16
dermatologic,16
contribute,16
importance,16
secukinumab,16
small,16
fatigue,16
tnfi,16
experimental,16
biomarker,16
roles,16
glp,16
serum,16
evaluation,16
women,16
sustained,16
analyzed,16
strategy,16
suggesting,16
european,16
mouse,16
frequently,15
proteins,15
propofol,15
active,15
mg,15
values,15
mmf,15
level,15
nutritional,15
acne,15
database,15
mild,15
period,15
performance,15
production,15
internal,15
predictors,15
dietary,15
dermatoses,15
sij,15
th17,15
whether,15
standardized,15
structural,15
understanding,15
reporting,15
chemokine,15
dual,15
several,15
binding,15
highest,15
reactive,15
effectiveness,15
bp,15
generalized,15
against,15
aes,15
affecting,15
adjusted,15
flares,14
challenges,14
treating,14
trial,14
administration,14
unclear,14
erythematosus,14
received,14
serious,14
heterogeneity,14
antibodies,14
stat3,14
validity,14
indicated,14
international,14
cardiometabolic,14
reduce,14
short,14
highlight,14
safe,14
imaging,14
dysfunction,14
regulatory,14
reports,14
recommendations,14
many,14
mendelian,14
md,14
visual,14
metabolism,14
yet,14
investigated,14
intervention,14
lead,14
combined,14
ppp,14
clinic,14
correlated,14
conventional,14
corticosteroids,14
lipids,14
formulations,13
along,13
tmd,13
finally,13
wide,13
understood,13
documented,13
bowel,13
sample,13
sc,13
bone,13
signal,13
suggest,13
supporting,13
applications,13
survival,13
central,13
challenging,13
reactions,13
refractory,13
ibd,13
hs,13
compare,13
increasingly,13
increase,13
infiltration,13
individual,13
inhibition,13
inhibiting,13
intensity,13
integrating,13
differentiation,13
range,13
possible,13
placebo,13
potent,13
prior,13
profiles,13
interval,13
crucial,13
mass,13
male,13
making,13
machine,13
mediators,13
dependent,13
demonstrates,13
additionally,13
frailty,12
tool,12
mechanistic,12
aged,12
alc,12
agonists,12
delivery,12
five,12
essential,12
erosions,12
likely,12
symptom,12
matched,12
test,12
multi,12
count,12
ankylosing,12
offer,12
odds,12
line,12
apremilast,12
app,12
antibody,12
paradoxical,12
older,12
spondylitis,12
stability,12
social,12
lichen,12
phenotypes,12
phase,12
notably,12
learning,12
large,12
known,12
presenting,12
itch,12
jak,12
side,12
pd,12
hospital,12
include,12
ifx,12
psoriasiform,12
pruritus,12
difference,12
distress,12
improving,12
wound,12
ultrasound,12
acid,12
validation,12
randomization,12
reaction,12
duration,12
relative,12
diverse,12
personalized,11
developing,11
left,11
spine,11
spa,11
stratified,11
comparison,11
needed,11
children,11
represent,11
questionnaire,11
circulating,11
routine,11
hidradenitis,11
prospective,11
persistent,11
peptide,11
people,11
highlighting,11
lc9,11
predicted,11
emerged,11
gwas,11
countries,11
approach,11
suppurativa,11
occurrence,11
fumarate,11
neutrophils,11
testing,11
median,11
deficiency,11
logistic,11
survey,11
healing,11
determine,11
genome,11
haq,11
applied,11
furthermore,11
modified,11
managing,11
enrolled,11
free,11
death,11
demographic,11
transdermal,11
examine,11
versus,11
weighted,11
event,11
imq,11
initiation,11
recorded,11
addition,11
immunological,11
implications,11
under,11
vitamin,11
regulation,11
ccr6,11
eczema,11
chinese,11
interaction,11
rm,11
repair,11
radiographic,11
predictive,11
clinicians,11
eight,11
classification,11
articles,11
preclinical,11
plant,11
potentially,11
involving,11
areas,11
article,11
per,11
cholesterol,11
aids,10
adl,10
affects,10
focusing,10
medicine,10
tokenization,10
trends,10
stratum,10
contributing,10
ongoing,10
subgroups,10
linear,10
liver,10
correlation,10
corneum,10
antigen,10
frequency,10
supported,10
neat1,10
dactylitis,10
cv,10
functional,10
nuclear,10
susceptibility,10
alternative,10
young,10
microbial,10
modulation,10
aptamer,10
epidemiological,10
functions,10
pharmacovigilance,10
less,10
part,10
diagnoses,10
pathogenic,10
comorbidity,10
spectrum,10
growth,10
ax,10
series,10
enhance,10
leading,10
investigation,10
profiling,10
differential,10
elderly,10
shown,10
significance,10
available,10
average,10
consistent,10
peripheral,10
compounds,10
sf36,10
kg,10
bimekizumab,10
bidirectional,10
beyond,10
pr,10
precision,10
planus,10
poor,10
bruxism,10
sclerosis,10
sensory,10
hif,10
receiving,10
responsiveness,10
pubmed,10
interruption,10
roc,10
biomarkers,10
commonly,10
injury,10
idiopathic,10
immunity,10
independently,10
increasing,10
interactions,10
reducing,10
cdh11,10
regarding,10
cellular,10
rcts,10
domain,10
implicated,10
external,10
upregulation,10
utility,10
experienced,10
1ras,10
variants,10
achieving,10
achieved,10
additional,9
regulators,9
vulgaris,9
value,9
variables,9
withdrawal,9
withaferin,9
explore,9
exosomes,9
uveitis,9
dust,9
drugs,9
relevant,9
influencing,9
infliximab,9
cancers,9
relevance,9
employed,9
clinically,9
clearance,9
inverse,9
cohorts,9
remained,9
center,9
reduction,9
remodeling,9
infections,9
homeostasis,9
rna,9
infection,9
random,9
psychiatric,9
required,9
discontinuation,9
search,9
emotional,9
coin,9
robust,9
biopsy,9
biosimilar,9
rr,9
initiated,9
insurance,9
promoting,9
proliferation,9
il17a,9
collected,9
huscs,9
loci,9
sle,9
gel,9
srm,9
healthcare,9
stable,9
subcutaneous,9
strong,9
statistically,9
subgroup,9
oxidative,9
organic,9
containing,9
options,9
omega,9
olp,9
supplementation,9
six,9
considered,9
benefits,9
di,9
ligand,9
palmoplantar,9
pest,9
products,9
least,9
prevention,9
previous,9
primarily,9
awareness,9
balance,9
sequencing,9
enhanced,9
validate,9
microbiome,9
therefore,9
thus,9
akt,9
mediterranean,9
decision,9
06,9
tsw,9
advanced,9
access,9
advances,9
traditional,9
fibroblasts,9
fatty,9
monitoring,9
estimated,9
switching,9
synthesis,9
systematically,9
manifestations,9
temporomandibular,9
measured,9
matrix,9
nationwide,9
monoclonal,9
measurement,9
damage,9
crmo,9
crosstalk,9
environmental,9
offers,9
defined,9
localization,9
overlapping,9
tmj,9
achieve,8
dmf,8
selection,8
rorγt,8
initially,8
identification,8
injection,8
icotrokinra,8
infectious,8
indicating,8
historical,8
hoc,8
centers,8
cd8,8
recognized,8
receptors,8
relationships,8
certain,8
cessation,8
residual,8
pustulosis,8
retrospectively,8
resolution,8
resulting,8
ugap,8
uk,8
even,8
eemu,8
elucidate,8
scalp,8
samples,8
satisfaction,8
screened,8
superior,8
contrast,8
link,8
studied,8
gt,8
galnac,8
glucose,8
subsequently,8
construct,8
subtypes,8
summary,8
platform,8
phototherapy,8
predominance,8
lck,8
enhancing,8
emulsion,8
knowledge,8
plays,8
auc,8
irae,8
june,8
before,8
pde4,8
persistence,8
parameters,8
comparable,8
lopsa,8
linking,8
epithelial,8
markedly,8
curve,8
lymphoma,8
number,8
minimal,8
course,8
natural,8
approximately,8
antioxidant,8
nhanes,8
cumulative,8
enriched,8
nutrition,8
msasss,8
medications,8
amd,8
decreased,8
tests,8
thereby,8
algorithms,8
alone,8
met,8
focus,8
fibromyalgia,8
females,8
translational,8
according,8
administered,8
validated,8
