bigram,count
psoriatic arthritis,99
sup sup,62
inflammatory skin,49
psoriasis patients,47
patients psoriasis,44
moderate severe,42
quality life,37
atopic dermatitis,35
real world,34
plaque psoriasis,34
cross sectional,32
arthritis psa,31
chronic inflammatory,30
rheumatoid arthritis,30
skin diseases,30
anti inflammatory,25
psoriasis chronic,24
skin disease,24
adverse events,24
severe psoriasis,23
long term,23
disease activity,23
nitric oxide,23
skin barrier,22
il il,22
il 17a,22
immune mediated,21
relationship between,21
among patients,21
healthy controls,20
severe plaque,20
association between,20
patients psa,20
severity index,19
autoimmune diseases,19
patients moderate,19
necrosis factor,19
area severity,18
psoriasis area,18
systematic review,18
year old,18
nail psoriasis,18
index pasi,17
pustular psoriasis,17
tumor necrosis,17
efficacy safety,16
between psoriasis,16
psoriasis risk,15
rheumatic diseases,15
case report,15
clinical trials,15
disease severity,15
lupus erythematosus,14
psa patients,14
weight loss,14
dlqi scores,14
significantly higher,14
therapeutic strategies,13
gut microbiota,13
clinical practice,13
inflammatory bowel,13
inflammatory diseases,13
meta analysis,13
confidence interval,13
skin conditions,13
bowel disease,13
analysis revealed,12
severe disease,12
dermatology life,12
control group,12
machine learning,12
mediated inflammatory,12
mendelian randomization,12
mental health,12
life quality,12
ankylosing spondylitis,12
pro inflammatory,12
quality index,12
side effects,12
arthritis psoriatic,11
risk factors,11
generalized pustular,11
systemic lupus,11
sub rm,11
hidradenitis suppurativa,11
treatment psoriasis,11
mean age,11
logistic regression,11
biologic therapy,11
axial spondyloarthritis,11
rm sub,11
increased risk,11
interval ci,11
retrospective cohort,10
wound healing,10
adverse effects,10
potential therapeutic,10
patients psoriatic,10
psa ax,10
psoriasis severity,10
lichen planus,10
odds ratio,10
interleukin il,10
controlled trials,10
patients treated,10
disease specific,10
high risk,10
glp 1ras,10
stem cells,10
stratum corneum,10
genome wide,10
aged years,10
therapeutic effects,10
safety profile,9
type diabetes,9
global assessment,9
dust exposure,9
single cell,9
pr coin,9
inflammatory effects,9
index dlqi,9
immune dysregulation,9
immune cell,9
psoriasis pso,9
hla 06,9
dermatitis psoriasis,9
psychological distress,9
associated higher,9
oxidative stress,9
pasi pasi,9
pasi score,9
patient reported,9
pediatric rheumatology,9
pso psa,9
skin disorders,9
skin inflammation,9
mediterranean diet,9
anti il,9
risk psoriasis,9
chronic immune,9
organic dust,9
construct validity,8
cd8 sup,8
post hoc,8
haq di,8
randomized controlled,8
psoriasis pathogenesis,8
immune cells,8
imiquimod induced,8
imq induced,8
short form,8
underlying mechanisms,8
first line,8
adult patients,8
statistically significant,8
adverse event,8
therapeutic potential,8
gt eemu,8
signaling pathways,8
sup cell,8
involvement count,8
pasi scores,8
nutritional status,8
nail involvement,8
national health,8
psoriasis atopic,8
inflammatory disease,8
induced psoriasis,8
psoriasis treatment,8
psoriatic lesions,8
analyses conducted,8
age years,8
mental disorders,8
mass index,7
patients diagnosed,7
irae arthritis,7
case year,7
biologic agents,7
psa psoriasis,7
pest bp,7
inflammatory cytokines,7
body mass,7
eczema psoriasis,7
app scm,7
therapeutic target,7
gene expression,7
report case,7
receptor agonists,7
stem cell,7
treatment strategies,7
treatment interruption,7
reported outcomes,7
topical corticosteroids,7
after treatment,7
rr ci,7
anti il17a,7
wide association,7
skin lesions,7
clinical characteristics,7
skin disorder,7
skin lipids,7
nf κb,7
observed between,7
sc ifx,7
multiple sclerosis,7
mouse model,7
case highlights,7
clinical features,7
pd signal,7
monoclonal antibody,7
dermatitis ad,7
disease duration,7
hoc analysis,7
psoriasis like,7
barrier function,7
immune responses,7
diseases psoriasis,7
psoriatic patients,7
psoriatic disease,7
treatment response,6
systemic therapy,6
axial involvement,6
treatment discontinuation,6
autoimmune multimorbidity,6
gut skin,6
il17i il23i,6
il17a aptamer,6
il class,6
regression analysis,6
significant differences,6
significantly increased,6
global burden,6
factor alpha,6
examination survey,6
et al,6
epidermal hyperplasia,6
showed significant,6
elderly patients,6
findings suggest,6
self reported,6
safety outcomes,6
burden psoriasis,6
hla cw6,6
hepatic steatosis,6
arthritis ra,6
psoriasis vulgaris,6
health nutrition,6
psoriasis gpp,6
between two,6
axspa psa,6
biologic therapies,6
causal relationship,6
psoriasis onset,6
imiquimod imq,6
psoriasis psoriasis,6
population based,6
cell μl,6
conditions psoriasis,6
compared healthy,6
pg ml,6
patients nail,6
inflammatory enthesitis,6
patients receiving,6
inflammatory arthritis,6
sleep disturbance,6
patients gpp,6
palmoplantar pustulosis,6
internal consistency,6
loss interventions,6
outcome measurement,6
nutrition examination,6
multivariable logistic,6
mri sij,6
mediated skin,6
model psoriasis,6
mr analyses,6
model fit,6
among individuals,6
skin axis,6
chronic skin,6
analysis showed,6
anxiety depression,6
rheumatology care,6
safe effective,6
therapeutic targets,6
time relapse,6
tnf inhibitor,6
tnf inhibitors,6
tnf il,5
rna sequencing,5
world data,5
well established,5
treatment history,5
ahr ci,5
ages years,5
age standardized,5
age sex,5
age period,5
sdi countries,5
analysis identified,5
analyses performed,5
molecular docking,5
modifying antirheumatic,5
case reports,5
clinical implications,5
clinical data,5
classification criteria,5
ci sup,5
ci ci,5
chronic inflammation,5
mechanisms underlying,5
mechanisms therapeutic,5
mechanisms action,5
mri spine,5
change kg,5
methotrexate mtx,5
oriented rheumatology,5
no significant,5
co expressing,5
intercellular lipids,5
md weight,5
macrophage polarization,5
low moderate,5
longitudinal studies,5
literature review,5
link between,5
line therapy,5
spondyloarthritis axspa,5
spondylitis psoriatic,5
specific mortality,5
skin tones,5
patients inflammatory,5
patients controls,5
patients compared,5
patients active,5
pasi responses,5
pasi dlqi,5
papash syndrome,5
oxide synthase,5
internal external,5
interleukin inhibitors,5
cell rna,5
cytokine release,5
current smoking,5
current knowledge,5
crucial role,5
compared controls,5
co occurrence,5
pi3k akt,5
physician global,5
physical activity,5
period cohort,5
psoriasis associated,5
progression recurrence,5
inflammatory mediators,5
inflammatory lesions,5
inflammatory disorders,5
inducible nitric,5
like peptide,5
life threatening,5
least one,5
keratinocyte proliferation,5
juvenile idiopathic,5
iv ifx,5
potential role,5
between june,5
between groups,5
barrier integrity,5
cell infiltration,5
cdh11 sup,5
cause specific,5
index bmi,5
included patients,5
immune response,5
immune related,5
immune checkpoint,5
inflammatory rheumatic,5
inflammatory responses,5
inflammatory pathways,5
psoriasis rheumatoid,5
psoriasis reported,5
psoriasis remains,5
psoriasis psoriatic,5
psoriasis increased,5
psoriasis common,5
ratio ci,5
random forest,5
idiopathic arthritis,5
history psoriasis,5
higher patients,5
disease progression,5
disease modifying,5
disease ibd,5
disease course,5
di sf36,5
dermatological conditions,5
psychiatric comorbidities,5
autoimmune conditions,5
associations between,5
associated greater,5
arthritis inflammatory,5
bullous pemphigoid,5
bone marrow,5
findings highlight,5
fatty acids,5
gpp flares,5
glucagon like,5
il tnf,5
il inhibitors,5
il inhibitor,5
il 17ra,5
review summarizes,5
review meta,5
review explores,5
research needed,5
remain unclear,5
related genes,5
similar between,5
significant association,5
drug induced,5
systemic immunosuppressants,5
survey nhanes,5
sup cells,5
stratified analyses,5
genetic variants,5
findings support,5
17a inhibitor,5
adults psoriasis,5
adult oriented,5
depressive symptoms,5
dapsa dapsa28,5
exposure among,5
emerging therapeutic,5
sf36 pf,5
sf36 pcs,5
sensitivity analyses,5
weight change,5
treatment patterns,5
aimed evaluate,5
total nail,5
total patients,5
adherence mediterranean,5
temporomandibular disorders,5
safety monitoring,5
adaptive immunity,4
without nail,4
world studies,4
ad psoriasis,4
remains incompletely,4
reporting system,4
responsive dermatoses,4
restricted cubic,4
reactive oxidants,4
poorly understood,4
precision medicine,4
metabolic pathways,4
metabolic syndrome,4
mild moderate,4
moderate high,4
monomethyl fumarate,4
mechanisms across,4
mechanisms gut,4
men women,4
mesenchymal stem,4
met inclusion,4
squamous cell,4
liposomal gels,4
lower bmi,4
management psoriasis,4
glp receptor,4
gpp associated,4
gpp rare,4
gradient boosting,4
greater disease,4
hazard ratio,4
findings emphasize,4
first dose,4
future research,4
galnac glycosylation,4
stat3 pathway,4
subgroup analyses,4
susceptibility loci,4
evidence supporting,4
factor inhibitors,4
factors including,4
family history,4
cell mediated,4
chemokine receptors,4
causal relationships,4
cause cause,4
cell activation,4
cell carcinoma,4
cell death,4
cell free,4
cell lymphoma,4
between lc9,4
arthritis psoriasis,4
aimed assess,4
analysis indicated,4
17a il,4
