trigram,count
psoriatic arthritis psa,31
severe plaque psoriasis,20
moderate severe plaque,20
patients moderate severe,19
psoriasis area severity,18
area severity index,18
moderate severe psoriasis,18
severity index pasi,17
tumor necrosis factor,17
inflammatory skin diseases,16
chronic inflammatory skin,16
inflammatory skin disease,14
inflammatory bowel disease,13
dermatology life quality,12
life quality index,12
psoriasis chronic inflammatory,11
sub rm sub,11
generalized pustular psoriasis,11
confidence interval ci,11
systemic lupus erythematosus,11
immune mediated inflammatory,10
rheumatoid arthritis psoriatic,10
patients psoriatic arthritis,10
quality index dlqi,9
arthritis psoriatic arthritis,9
atopic dermatitis psoriasis,9
chronic immune mediated,9
organic dust exposure,9
cd8 sup sup,8
sup sup cell,8
psoriasis chronic immune,8
psoriasis atopic dermatitis,8
inflammatory skin conditions,8
anti inflammatory effects,8
case year old,7
patient reported outcomes,7
genome wide association,7
randomized controlled trials,7
post hoc analysis,7
body mass index,7
atopic dermatitis ad,7
sup cell μl,6
weight loss interventions,6
pustular psoriasis gpp,6
pro inflammatory cytokines,6
anti il17a aptamer,6
elderly patients moderate,6
national health nutrition,6
gut skin axis,6
imiquimod induced psoriasis,6
health nutrition examination,6
necrosis factor alpha,6
nutrition examination survey,6
rheumatoid arthritis ra,6
multivariable logistic regression,6
axspa psa ax,5
bowel disease ibd,5
psoriasis psoriatic arthritis,5
psoriasis rheumatoid arthritis,5
weight change kg,5
sup sup cells,5
real world data,5
axial spondyloarthritis axspa,5
md weight change,5
ci sup sup,5
mean age years,5
single cell rna,5
oriented rheumatology care,5
nitric oxide synthase,5
nail involvement count,5
review meta analysis,5
physician global assessment,5
plaque psoriasis patients,5
cdh11 sup sup,5
cause specific mortality,5
disease modifying antirheumatic,5
patients nail psoriasis,5
spondylitis psoriatic arthritis,5
immune mediated skin,5
inflammatory rheumatic diseases,5
inducible nitric oxide,5
il 17a inhibitor,5
juvenile idiopathic arthritis,5
mass index bmi,5
inflammatory skin disorder,5
glucagon like peptide,5
adherence mediterranean diet,5
examination survey nhanes,5
haq di sf36,5
age period cohort,5
systematic review meta,5
adult oriented rheumatology,5
ankylosing spondylitis psoriatic,5
total nail involvement,5
treatment moderate severe,4
anti il class,4
among patients psoriasis,4
psoriasis healthy controls,4
event reporting system,4
factor alpha tnf,4
adverse event reporting,4
family history psoriasis,4
imiquimod imq induced,4
gt eemu gel,4
global burden psoriasis,4
met inclusion criteria,4
index dlqi scores,4
index pasi dermatology,4
mediated skin disease,4
mediated inflammatory skin,4
latent class analysis,4
inverse variance weighted,4
jak2 stat3 pathway,4
long term safety,4
di sf36 pf,4
differences autoimmune multimorbidity,4
dust exposure among,4
il il il,4
first line therapy,4
comparisons md weight,4
compared healthy controls,4
chronic skin diseases,4
real world studies,4
pasi dermatology life,4
pediatric rheumatology app,4
patients plaque psoriasis,4
chronic inflammatory diseases,4
patients psoriasis healthy,4
cause cause specific,4
cell rna sequencing,4
network meta analysis,4
construct validity responsiveness,4
reported outcomes pros,4
wide association studies,4
ra psoriatic arthritis,4
year old man,4
year old female,4
anti inflammatory properties,4
cross sectional analysis,4
necrosis factor inhibitors,4
skin barrier function,4
data national health,4
first dose cytokine,3
psoriasis pso atopic,3
psoriasis pso psoriatic,3
adverse events aes,3
psoriasis hidradenitis suppurativa,3
fda adverse event,3
age related macular,3
agonists glp 1ras,3
age psoriasis onset,3
glp 1ras sglt2is,3
germline brca2 mutated,3
infectious skin diseases,3
included case patients,3
impact quality life,3
emerging therapeutic strategies,3
emergent adverse events,3
efficacy safety vunakizumab,3
dose cytokine release,3
disorders autoimmune diseases,3
il il axis,3
immune checkpoint inhibitors,3
psoriasis inflammatory bowel,3
psoriasis patients compared,3
between psoriasis amd,3
among patients psa,3
between two groups,3
anti inflammatory antioxidant,3
psoriasis gpp rare,3
vunakizumab placebo groups,3
immune cell infiltration,3
il 17a il,3
kg sup sup,3
dermatitis psoriasis acne,3
disability adjusted life,3
disease activity fatigue,3
derived stem cells,3
greater disease activity,3
glp receptor agonists,3
gut microbiota based,3
idiopathic arthritis jia,3
kenyan psoriasis registry,3
tnf il il,3
time relapse after,3
treatment emergent adverse,3
mesenchymal stem cells,3
mental health care,3
mental disorders autoimmune,3
mendelian randomization mr,3
outcome measurement instrument,3
outcome measurement instruments,3
mediated inflammatory diseases,3
matched healthy controls,3
lower control group,3
management chronic inflammatory,3
m2 macrophage polarization,3
lupus erythematosus sle,3
like peptide receptor,3
lower bmi associated,3
inhibitor responsive dermatoses,3
nails area involvement,3
index pasi score,3
increased risk hematologic,3
internal construct validity,3
interstitial lung disease,3
inflammatory skin disorders,3
inflammatory metabolic markers,3
inflammatory diseases psoriasis,3
multiple sclerosis psoriasis,3
modifying antirheumatic drugs,3
de novo arthropathy,3
cyclin d1 axis,3
mouse model psoriasis,3
neat1 skin disorders,3
patients aged years,3
nitric oxide reactive,3
genetic liability psoriasis,3
skin disease driven,3
skin barrier dysfunction,3
similar between groups,3
oral lichen planus,3
occupational organic dust,3
odds ratio ci,3
observed between psoriasis,3
slc19a1 rs1051266 col18a1,3
palmoplantar pustulosis ppp,3
oxide reactive oxidants,3
pasi pasi pasi,3
patient global assessment,3
stat3 cyclin d1,3
oxidative stress inflammation,3
squamous cell carcinoma,3
specialized pro resolving,3
peptide receptor agonists,3
pde4 inhibitor responsive,3
patients quality life,3
patients women male,3
causal relationship between,3
cassalia et al,3
patients psa psoriasis,3
caspar criteria psa,3
no statistically significant,3
compared men women,3
cross sectional observational,3
controlled trials rcts,3
cross sectional psoriasis,3
moderate severe disease,3
co expressing cdh11,3
mf pso ad,3
short form measures,3
sex differences autoimmune,3
severe mental disorders,3
chronic inflammatory disease,3
children young people,3
chronic inflammatory arthritis,3
ccr6 sup sup,3
disease activity index,3
rr ci sup,3
rs1051266 col18a1 rs9977268,3
sc pr coin,3
significant association between,3
restricted cubic spline,3
review summarizes current,3
response biologic therapy,3
pi3k akt signaling,3
receptor agonists glp,3
potential therapeutic target,3
related adverse events,3
regression analysis showed,3
association between psoriasis,3
atopic dermatitis acne,3
average dlqi scores,3
relapse after treatment,3
biologic therapies psoriasis,3
bmi associated higher,3
case highlights importance,3
s100a8 a9 complex,3
patients psoriasis reported,3
potent topical corticosteroids,3
rheumatology app scm,3
restless legs syndrome,3
report case year,3
relationship between psoriasis,3
related macular degeneration,3
case patients controls,3
cardiovascular risk factors,3
reporting system faers,3
phase iii trial,3
residual inflammation visceral,3
sup sup based,3
cd3 sup sup,3
area involvement count,3
arthritis inflammatory bowel,3
psoriatic arthritis inflammatory,3
psoriatic arthritis psoriasis,3
quality life patients,3
static physician global,3
questionnaire short form,3
association between bfr,3
arthritis ra psoriatic,3
arthritis psa remains,3
temporomandibular joint tmj,3
ratio confidence interval,3
real world efficacy,3
real world evidence,3
pso psoriatic arthritis,3
pso atopic dermatitis,3
protein galnac glycosylation,3
psoriasis cross sectional,3
without nail psoriasis,3
year old woman,3
year old girl,3
year old male,3
acne hidradenitis suppurativa,2
activation psoriatic arthritis,2
activation stat3 cyclin,2
activity index psoriatic,2
activity psoriatic arthritis,2
activity safety monitoring,2
acute gpp flares,2
alpha tnf inhibitors,2
women psoriasis clin,2
world efficacy retention,2
world primary care,2
wound healing skin,2
www crd york,2
year retrospective epidemiological,2
years mean age,2
progression recurrence free,2
promoting m2 macrophage,2
propagation neural network,2
proportional reporting ratio,2
protein protein interaction,2
proximal muscle weakness,2
psa ax patient,2
psa offer additional,2
psa subtype axial,2
psoriasis acne vulgaris,2
psoriasis age period,2
psoriasis age related,2
psoriasis ages years,2
psoriasis animal model,2
psoriasis atrial fibrillation,2
psoriasis clin med,2
psoriasis common inflammatory,2
psoriasis disease severity,2
psoriasis epidemiology screening,2
psoriasis girls comment,2
psoriasis gpp palmoplantar,2
psoriasis lichen planus,2
psoriasis like inflammation,2
psoriasis like mouse,2
psoriasis like skin,2
psoriasis mouse model,2
psoriasis not fully,2
psoriasis observed patients,2
psoriasis occupational organic,2
psoriasis patients active,2
psoriasis patients cancer,2
psoriasis patients receiving,2
psoriasis patients without,2
psoriasis post hoc,2
psoriasis prevention management,2
psoriasis psa transition,2
psoriasis psoriasis chronic,2
psoriasis psoriasis vulgaris,2
psoriasis retrospective cohort,2
psoriasis risk ci,2
psoriasis severity quality,2
psoriasis subgroup analyses,2
psoriasis susceptibility loci,2
psoriasis symptoms reducing,2
psoriasis systematic review,2
psoriasis transdermal delivery,2
psoriasis vulgaris cell,2
psoriasis vulgaris pv,2
psoriatic arthritis axial,2
psoriatic arthritis case,2
psoriatic arthritis dapsa,2
psoriatic patients found,2
psychiatric comorbidities patients,2
ptgs2 mmp9 egfr,2
quality life dermatology,2
quality life impairment,2
quality life mental,2
potentially life threatening,2
power doppler pd,2
pp patients europeans,2
pr coin performance,2
pr coin registry,2
predicting response biologic,2
predictors high risk,2
preparation tanshinone iia,2
prior exposure tnfi,2
pro inflammatory mediators,2
pro resolving mediators,2
probiotics prebiotics synbiotics,2
production tumor necrosis,2
programmed death ligand,2
progression msasss over,2
quality life qol,2
quality safety care,2
quarter fourth quarter,2
radiographic joint damage,2
radiographic spinal progression,2
rate among patients,2
reactive oxygen species,2
real world primary,2
plaque psoriasis post,2
plaque psoriasis treated,2
play prominent role,2
plays crucial role,2
population based cohort,2
positive association between,2
positive family history,2
positively associated total,2
post il inhibitor,2
potent anti inflammatory,2
potential role bisoprolol,2
potential therapeutic option,2
received il17i il23i,2
receiver operating characteristic,2
recent studies highlighted,2
recurrence free survival,2
recurrent multifocal osteomyelitis,2
regression models restricted,2
regression performed identify,2
regulating immune responses,2
regulatory mechanisms gut,2
related genes pdcrgs,2
relationship between pbde153,2
relative expression interleukin,2
remain largely unclear,2
remain poorly understood,2
remains incompletely understood,2
remains poorly understood,2
repair skin barrier,2
report describes case,2
report psoriasis chronic,2
reported outcome measures,2
reporting sij mris,2
requiring systemic therapy,2
per person years,2
performance sensitivity specificity,2
period cohort model,2
period incidence aes,2
pest bp reliable,2
pest bp score,2
pf sf36 pcs,2
pharmacodynamic changes assessed,2
phase experimental medicine,2
phase trial vunakizumab,2
pi3k akt pathway,2
pityriasis rubra pilaris,2
plantar nail lesions,2
resolving mediators spms,2
resonance imaging mri,2
respectively frequently reported,2
respectively moreover patients,2
patients receiving vunakizumab,2
patients treatment interruption,2
patients without arthritis,2
patients without nail,2
patterns disease outcomes,2
pcs difference smds,2
pd signal erosions,2
pembrolizumab associated lichen,2
peptide glp receptor,2
patients found significantly,2
patients generalized pustular,2
patients gpp ppp,2
patients healthy controls,2
patients high clearance,2
patients inflammatory arthritis,2
patients psa controls,2
patients psoriasis atopic,2
patients psoriasis compared,2
patients psoriasis increased,2
patients psoriasis kenya,2
pasi dlqi observed,2
pasi responder adl,2
pasi responses vs,2
patients blood cells,2
patients compared healthy,2
patients controls white,2
patients diagnosed imds,2
patients different body,2
among patients nail,2
analysis found higher,2
analysis psoriasis chronic,2
anti cd3 monoclonal,2
anti il biologics,2
anti inflammatory drugs,2
antigen experienced sub,2
antirheumatic drug dmard,2
years range years,2
yes inflammatory enthesitis,2
york ac uk,2
young adults well,2
